regulator,target,sign,data_type
Cgl0010,Cgl1011,1,CoryNeRegNet
Cgl0010,Cgl1015,1,CoryNeRegNet
Cgl0010,Cgl1017,1,CoryNeRegNet
Cgl0010,Cgl1222,1,CoryNeRegNet
Cgl0010,Cgl1223,1,CoryNeRegNet
Cgl0010,Cgl1018,1,CoryNeRegNet
Cgl0010,Cgl1016,1,CoryNeRegNet
Cgl0010,Cgl1220,1,CoryNeRegNet
Cgl0010,Cgl1221,1,CoryNeRegNet
Cgl0016,Cgl0015,1,CoryNeRegNet
Cgl0037,Cgl0036,1,CoryNeRegNet
Cgl0037,Cgl0038,1,CoryNeRegNet
Cgl0037,Cgl0039,1,CoryNeRegNet
Cgl0069,Cgl2825,1,CoryNeRegNet
Cgl0069,Cgl2824,1,CoryNeRegNet
Cgl0069,Cgl2823,1,CoryNeRegNet
Cgl0069,Cgl0067,1,CoryNeRegNet
Cgl0083,Cgl0086,-1,CoryNeRegNet
Cgl0083,Cgl0087,-1,CoryNeRegNet
Cgl0083,Cgl0088,-1,CoryNeRegNet
Cgl0083,Cgl0089,-1,CoryNeRegNet
Cgl0083,Cgl0090,-1,CoryNeRegNet
Cgl0083,Cgl0084,-1,CoryNeRegNet
Cgl0083,Cgl0085,-1,CoryNeRegNet
Cgl0111,Cgl0108,-1,CoryNeRegNet
Cgl0111,Cgl0109,-1,CoryNeRegNet
Cgl0111,Cgl0111,-1,CoryNeRegNet
Cgl0111,Cgl0112,-1,CoryNeRegNet
Cgl0111,Cgl0291,1,CoryNeRegNet
Cgl0111,Cgl2807,-1,CoryNeRegNet
Cgl0111,Cgl0110,-1,CoryNeRegNet
Cgl0121,Cgl2836,-1,CoryNeRegNet
Cgl0121,Cgl3043,1,CoryNeRegNet
Cgl0121,Cgl3044,1,CoryNeRegNet
Cgl0121,Cgl3045,1,CoryNeRegNet
Cgl0121,Cgl3046,1,CoryNeRegNet
Cgl0121,Cgl0010,1,CoryNeRegNet
Cgl0121,Cgl1342,1,CoryNeRegNet
Cgl0121,Cgl2551,-1,CoryNeRegNet
Cgl0121,Cgl2812,1,CoryNeRegNet
Cgl0121,Cgl2813,1,CoryNeRegNet
Cgl0121,Cgl2814,1,CoryNeRegNet
Cgl0121,Cgl2815,1,CoryNeRegNet
Cgl0121,Cgl2816,1,CoryNeRegNet
Cgl0121,Cgl2817,1,CoryNeRegNet
Cgl0121,Cgl2818,1,CoryNeRegNet
Cgl0157,Cgl0159,-1,CoryNeRegNet
Cgl0157,Cgl0160,-1,CoryNeRegNet
Cgl0157,Cgl0162,-1,CoryNeRegNet
Cgl0157,Cgl0163,-1,CoryNeRegNet
Cgl0157,Cgl0164,-1,CoryNeRegNet
Cgl0157,Cgl0165,-1,CoryNeRegNet
Cgl0157,Cgl0166,-1,CoryNeRegNet
Cgl0157,Cgl0167,-1,CoryNeRegNet
Cgl0157,Cgl0157,-1,CoryNeRegNet
Cgl0157,Cgl0161,-1,CoryNeRegNet
Cgl0157,Cgl0170,-1,CoryNeRegNet
Cgl0157,Cgl2863,-1,CoryNeRegNet
Cgl0157,Cgl0158,-1,CoryNeRegNet
Cgl0157,Cgl0181,-1,CoryNeRegNet
Cgl0174,Cgl2329,-1,CoryNeRegNet
Cgl0257,Cgl0257,1,CoryNeRegNet
Cgl0257,Cgl0258,1,CoryNeRegNet
Cgl0257,Cgl0259,1,CoryNeRegNet
Cgl0261,Cgl0263,-1,CoryNeRegNet
Cgl0261,Cgl0262,-1,CoryNeRegNet
Cgl0261,Cgl1510,-1,CoryNeRegNet
Cgl0261,Cgl1511,-1,CoryNeRegNet
Cgl0261,Cgl1512,-1,CoryNeRegNet
Cgl0279,Cgl0335,-1,CoryNeRegNet
Cgl0279,Cgl1067,-1,CoryNeRegNet
Cgl0279,Cgl1068,-1,CoryNeRegNet
Cgl0279,Cgl1069,-1,CoryNeRegNet
Cgl0279,Cgl1070,-1,CoryNeRegNet
Cgl0279,Cgl2134,-1,CoryNeRegNet
Cgl0279,Cgl3076,-1,CoryNeRegNet
Cgl0279,Cgl3090,-1,CoryNeRegNet
Cgl0279,Cgl3091,-1,CoryNeRegNet
Cgl0279,Cgl3092,-1,CoryNeRegNet
Cgl0285,Cgl0283,-1,CoryNeRegNet
Cgl0285,Cgl0284,-1,CoryNeRegNet
Cgl0285,Cgl0286,-1,CoryNeRegNet
Cgl0285,Cgl0287,-1,CoryNeRegNet
Cgl0285,Cgl0288,-1,CoryNeRegNet
Cgl0285,Cgl0289,-1,CoryNeRegNet
Cgl0291,Cgl0911,1,CoryNeRegNet
Cgl0291,Cgl2824,-1,CoryNeRegNet
Cgl0291,Cgl0912,1,CoryNeRegNet
Cgl0291,Cgl0913,1,CoryNeRegNet
Cgl0291,Cgl1002,-1,CoryNeRegNet
Cgl0291,Cgl1160,-1,CoryNeRegNet
Cgl0291,Cgl1567,1,CoryNeRegNet
Cgl0291,Cgl1003,-1,CoryNeRegNet
Cgl0291,Cgl1568,1,CoryNeRegNet
Cgl0291,Cgl1936,-1,CoryNeRegNet
Cgl0291,Cgl1004,-1,CoryNeRegNet
Cgl0291,Cgl2191,1,CoryNeRegNet
Cgl0291,Cgl2192,1,CoryNeRegNet
Cgl0291,Cgl1005,-1,CoryNeRegNet
Cgl0291,Cgl2195,1,CoryNeRegNet
Cgl0291,Cgl2196,1,CoryNeRegNet
Cgl0291,Cgl1008,-1,CoryNeRegNet
Cgl0291,Cgl2395,-1,CoryNeRegNet
Cgl0291,Cgl2396,-1,CoryNeRegNet
Cgl0291,Cgl1009,-1,CoryNeRegNet
Cgl0291,Cgl2404,-1,CoryNeRegNet
Cgl0291,Cgl2406,-1,CoryNeRegNet
Cgl0291,Cgl1010,-1,CoryNeRegNet
Cgl0291,Cgl2409,-1,CoryNeRegNet
Cgl0291,Cgl2495,1,CoryNeRegNet
Cgl0291,Cgl2525,-1,CoryNeRegNet
Cgl0291,Cgl2911,1,CoryNeRegNet
Cgl0291,Cgl3059,-1,CoryNeRegNet
Cgl0291,Cgl1190,1,CoryNeRegNet
Cgl0291,Cgl1538,1,CoryNeRegNet
Cgl0291,Cgl0279,-1,CoryNeRegNet
Cgl0291,Cgl1554,-1,CoryNeRegNet
Cgl0291,Cgl2061,-1,CoryNeRegNet
Cgl0291,Cgl0291,-1,CoryNeRegNet
Cgl0291,Cgl2573,1,CoryNeRegNet
Cgl0291,Cgl2574,1,CoryNeRegNet
Cgl0291,Cgl0694,-1,CoryNeRegNet
Cgl0291,Cgl3021,-1,CoryNeRegNet
Cgl0291,Cgl0184,1,CoryNeRegNet
Cgl0291,Cgl0695,-1,CoryNeRegNet
Cgl0291,Cgl0696,-1,CoryNeRegNet
Cgl0291,Cgl0185,-1,CoryNeRegNet
Cgl0291,Cgl0829,-1,CoryNeRegNet
Cgl0291,Cgl0930,-1,CoryNeRegNet
Cgl0291,Cgl1159,-1,CoryNeRegNet
Cgl0291,Cgl1407,-1,CoryNeRegNet
Cgl0291,Cgl0286,-1,CoryNeRegNet
Cgl0291,Cgl0931,-1,CoryNeRegNet
Cgl0291,Cgl1465,1,CoryNeRegNet
Cgl0291,Cgl1566,1,CoryNeRegNet
Cgl0291,Cgl0932,-1,CoryNeRegNet
Cgl0291,Cgl1933,-1,CoryNeRegNet
Cgl0291,Cgl1935,-1,CoryNeRegNet
Cgl0291,Cgl0287,-1,CoryNeRegNet
Cgl0291,Cgl0933,-1,CoryNeRegNet
Cgl0291,Cgl1950,-1,CoryNeRegNet
Cgl0291,Cgl1952,-1,CoryNeRegNet
Cgl0291,Cgl0934,-1,CoryNeRegNet
Cgl0291,Cgl2189,1,CoryNeRegNet
Cgl0291,Cgl2331,-1,CoryNeRegNet
Cgl0291,Cgl0288,-1,CoryNeRegNet
Cgl0291,Cgl0995,-1,CoryNeRegNet
Cgl0291,Cgl2385,-1,CoryNeRegNet
Cgl0291,Cgl2405,-1,CoryNeRegNet
Cgl0291,Cgl1076,-1,CoryNeRegNet
Cgl0291,Cgl2407,-1,CoryNeRegNet
Cgl0291,Cgl2485,-1,CoryNeRegNet
Cgl0291,Cgl0289,-1,CoryNeRegNet
Cgl0291,Cgl1077,-1,CoryNeRegNet
Cgl0291,Cgl2668,-1,CoryNeRegNet
Cgl0291,Cgl2680,-1,CoryNeRegNet
Cgl0291,Cgl1158,-1,CoryNeRegNet
Cgl0291,Cgl2681,-1,CoryNeRegNet
Cgl0291,Cgl2908,-1,CoryNeRegNet
Cgl0291,Cgl1737,-1,CoryNeRegNet
Cgl0291,Cgl2917,-1,CoryNeRegNet
Cgl0291,Cgl2918,-1,CoryNeRegNet
Cgl0291,Cgl0374,1,CoryNeRegNet
Cgl0291,Cgl0369,-1,CoryNeRegNet
Cgl0291,Cgl1934,-1,CoryNeRegNet
Cgl0291,Cgl2079,-1,CoryNeRegNet
Cgl0291,Cgl0370,-1,CoryNeRegNet
Cgl0291,Cgl2188,1,CoryNeRegNet
Cgl0291,Cgl2190,1,CoryNeRegNet
Cgl0291,Cgl0371,-1,CoryNeRegNet
Cgl0291,Cgl2863,-1,CoryNeRegNet
Cgl0291,Cgl0159,-1,CoryNeRegNet
Cgl0291,Cgl0161,-1,CoryNeRegNet
Cgl0291,Cgl0372,-1,CoryNeRegNet
Cgl0291,Cgl0163,-1,CoryNeRegNet
Cgl0291,Cgl0164,-1,CoryNeRegNet
Cgl0291,Cgl0373,-1,CoryNeRegNet
Cgl0291,Cgl2912,-1,CoryNeRegNet
Cgl0291,Cgl1163,-1,CoryNeRegNet
Cgl0291,Cgl1156,-1,CoryNeRegNet
Cgl0291,Cgl1542,-1,CoryNeRegNet
Cgl0291,Cgl2913,-1,CoryNeRegNet
Cgl0291,Cgl0067,-1,CoryNeRegNet
Cgl0291,Cgl0158,-1,CoryNeRegNet
Cgl0291,Cgl0160,-1,CoryNeRegNet
Cgl0291,Cgl0162,-1,CoryNeRegNet
Cgl0291,Cgl0165,-1,CoryNeRegNet
Cgl0291,Cgl0198,-1,CoryNeRegNet
Cgl0291,Cgl0199,-1,CoryNeRegNet
Cgl0291,Cgl0479,-1,CoryNeRegNet
Cgl0291,Cgl0480,-1,CoryNeRegNet
Cgl0291,Cgl1187,1,CoryNeRegNet
Cgl0291,Cgl0481,-1,CoryNeRegNet
Cgl0291,Cgl0657,-1,CoryNeRegNet
Cgl0291,Cgl0658,-1,CoryNeRegNet
Cgl0291,Cgl0659,-1,CoryNeRegNet
Cgl0291,Cgl1271,-1,CoryNeRegNet
Cgl0291,Cgl0951,-1,CoryNeRegNet
Cgl0291,Cgl1185,-1,CoryNeRegNet
Cgl0291,Cgl1189,1,CoryNeRegNet
Cgl0291,Cgl1585,-1,CoryNeRegNet
Cgl0291,Cgl0689,-1,CoryNeRegNet
Cgl0291,Cgl1272,-1,CoryNeRegNet
Cgl0291,Cgl1634,-1,CoryNeRegNet
Cgl0291,Cgl2463,-1,CoryNeRegNet
Cgl0291,Cgl2556,1,CoryNeRegNet
Cgl0291,Cgl2560,1,CoryNeRegNet
Cgl0291,Cgl1386,-1,CoryNeRegNet
Cgl0291,Cgl2572,1,CoryNeRegNet
Cgl0291,Cgl2752,-1,CoryNeRegNet
Cgl0291,Cgl2753,-1,CoryNeRegNet
Cgl0291,Cgl2825,-1,CoryNeRegNet
Cgl0291,Cgl1541,-1,CoryNeRegNet
Cgl0291,Cgl3060,-1,CoryNeRegNet
Cgl0291,Cgl3061,-1,CoryNeRegNet
Cgl0291,Cgl1586,-1,CoryNeRegNet
Cgl0291,Cgl0708,-1,CoryNeRegNet
Cgl0291,Cgl2060,-1,CoryNeRegNet
Cgl0291,Cgl2566,-1,CoryNeRegNet
Cgl0291,Cgl2575,1,CoryNeRegNet
Cgl0291,Cgl2796,-1,CoryNeRegNet
Cgl0291,Cgl0709,-1,CoryNeRegNet
Cgl0291,Cgl3022,-1,CoryNeRegNet
Cgl0291,Cgl1569,1,CoryNeRegNet
Cgl0291,Cgl0768,1,CoryNeRegNet
Cgl0291,Cgl1951,-1,CoryNeRegNet
Cgl0291,Cgl1953,-1,CoryNeRegNet
Cgl0291,Cgl0728,-1,CoryNeRegNet
Cgl0291,Cgl0766,-1,CoryNeRegNet
Cgl0291,Cgl1186,1,CoryNeRegNet
Cgl0291,Cgl2194,1,CoryNeRegNet
Cgl0291,Cgl0828,1,CoryNeRegNet
Cgl0291,Cgl0839,-1,CoryNeRegNet
Cgl0291,Cgl0846,-1,CoryNeRegNet
Cgl0291,Cgl2377,-1,CoryNeRegNet
Cgl0291,Cgl2214,-1,CoryNeRegNet
Cgl0291,Cgl2864,-1,CoryNeRegNet
Cgl0291,Cgl2887,-1,CoryNeRegNet
Cgl0291,Cgl2938,-1,CoryNeRegNet
Cgl0291,Cgl2939,-1,CoryNeRegNet
Cgl0291,Cgl0769,1,CoryNeRegNet
Cgl0291,Cgl1250,1,CoryNeRegNet
Cgl0291,Cgl2383,-1,CoryNeRegNet
Cgl0291,Cgl3025,-1,CoryNeRegNet
Cgl0291,Cgl3053,1,CoryNeRegNet
Cgl0291,Cgl2384,-1,CoryNeRegNet
Cgl0291,Cgl1360,-1,CoryNeRegNet
Cgl0291,Cgl2397,-1,CoryNeRegNet
Cgl0291,Cgl2398,-1,CoryNeRegNet
Cgl0291,Cgl0819,1,CoryNeRegNet
Cgl0291,Cgl1383,-1,CoryNeRegNet
Cgl0291,Cgl2402,-1,CoryNeRegNet
Cgl0291,Cgl2410,-1,CoryNeRegNet
Cgl0291,Cgl1384,-1,CoryNeRegNet
Cgl0291,Cgl2523,1,CoryNeRegNet
Cgl0291,Cgl2807,-1,CoryNeRegNet
Cgl0291,Cgl0831,-1,CoryNeRegNet
Cgl0291,Cgl1540,-1,CoryNeRegNet
Cgl0291,Cgl1587,-1,CoryNeRegNet
Cgl0291,Cgl0836,-1,CoryNeRegNet
Cgl0291,Cgl1588,-1,CoryNeRegNet
Cgl0291,Cgl2059,-1,CoryNeRegNet
Cgl0291,Cgl0909,1,CoryNeRegNet
Cgl0291,Cgl2150,1,CoryNeRegNet
Cgl0291,Cgl1188,1,CoryNeRegNet
Cgl0291,Cgl2329,-1,CoryNeRegNet
Cgl0291,Cgl1273,-1,CoryNeRegNet
Cgl0291,Cgl1385,-1,CoryNeRegNet
Cgl0291,Cgl0910,1,CoryNeRegNet
Cgl0291,Cgl2565,-1,CoryNeRegNet
Cgl0291,Cgl2823,-1,CoryNeRegNet
Cgl0291,Cgl3023,-1,CoryNeRegNet
Cgl0291,Cgl2569,1,CoryNeRegNet
Cgl0291,Cgl3024,-1,CoryNeRegNet
Cgl0291,Cgl3026,-1,CoryNeRegNet
Cgl0369,Cgl2753,-1,CoryNeRegNet
Cgl0369,Cgl3007,-1,CoryNeRegNet
Cgl0369,Cgl0372,-1,CoryNeRegNet
Cgl0369,Cgl0689,-1,CoryNeRegNet
Cgl0369,Cgl0829,-1,CoryNeRegNet
Cgl0369,Cgl2642,-1,CoryNeRegNet
Cgl0369,Cgl2752,-1,CoryNeRegNet
Cgl0369,Cgl0039,-1,CoryNeRegNet
Cgl0369,Cgl0314,-1,CoryNeRegNet
Cgl0369,Cgl0635,-1,CoryNeRegNet
Cgl0369,Cgl0661,-1,CoryNeRegNet
Cgl0369,Cgl0668,-1,CoryNeRegNet
Cgl0369,Cgl0830,-1,CoryNeRegNet
Cgl0369,Cgl0913,-1,CoryNeRegNet
Cgl0369,Cgl1613,-1,CoryNeRegNet
Cgl0369,Cgl1900,-1,CoryNeRegNet
Cgl0369,Cgl2248,1,CoryNeRegNet
Cgl0369,Cgl2565,-1,CoryNeRegNet
Cgl0369,Cgl0370,-1,CoryNeRegNet
Cgl0369,Cgl0371,-1,CoryNeRegNet
Cgl0369,Cgl1360,-1,CoryNeRegNet
Cgl0369,Cgl0036,-1,CoryNeRegNet
Cgl0369,Cgl0038,-1,CoryNeRegNet
Cgl0369,Cgl0636,-1,CoryNeRegNet
Cgl0369,Cgl0665,-1,CoryNeRegNet
Cgl0369,Cgl0667,-1,CoryNeRegNet
Cgl0369,Cgl0909,-1,CoryNeRegNet
Cgl0369,Cgl0910,-1,CoryNeRegNet
Cgl0369,Cgl0912,-1,CoryNeRegNet
Cgl0369,Cgl1540,-1,CoryNeRegNet
Cgl0369,Cgl1541,-1,CoryNeRegNet
Cgl0369,Cgl2035,-1,CoryNeRegNet
Cgl0369,Cgl2192,-1,CoryNeRegNet
Cgl0369,Cgl2511,-1,CoryNeRegNet
Cgl0369,Cgl0369,-1,CoryNeRegNet
Cgl0369,Cgl2770,-1,CoryNeRegNet
Cgl0369,Cgl0373,-1,CoryNeRegNet
Cgl0369,Cgl0828,-1,CoryNeRegNet
Cgl0369,Cgl1612,-1,CoryNeRegNet
Cgl0369,Cgl0832,-1,CoryNeRegNet
Cgl0369,Cgl1117,-1,CoryNeRegNet
Cgl0369,Cgl2329,-1,CoryNeRegNet
Cgl0369,Cgl2562,-1,CoryNeRegNet
Cgl0369,Cgl2796,-1,CoryNeRegNet
Cgl0369,Cgl1899,-1,CoryNeRegNet
Cgl0369,Cgl2566,-1,CoryNeRegNet
Cgl0369,Cgl2569,-1,CoryNeRegNet
Cgl0369,Cgl2331,-1,CoryNeRegNet
Cgl0369,Cgl2807,-1,CoryNeRegNet
Cgl0369,Cgl0374,-1,CoryNeRegNet
Cgl0369,Cgl0291,-1,CoryNeRegNet
Cgl0369,Cgl0833,-1,CoryNeRegNet
Cgl0369,Cgl0637,-1,CoryNeRegNet
Cgl0369,Cgl0666,-1,CoryNeRegNet
Cgl0369,Cgl0831,-1,CoryNeRegNet
Cgl0369,Cgl0911,-1,CoryNeRegNet
Cgl0369,Cgl1611,-1,CoryNeRegNet
Cgl0369,Cgl2863,-1,CoryNeRegNet
Cgl0379,Cgl0381,-1,CoryNeRegNet
Cgl0379,Cgl0379,-1,CoryNeRegNet
Cgl0379,Cgl0380,-1,CoryNeRegNet
Cgl0385,Cgl3081,-1,CoryNeRegNet
Cgl0385,Cgl0386,-1,CoryNeRegNet
Cgl0385,Cgl2961,-1,CoryNeRegNet
Cgl0385,Cgl2962,-1,CoryNeRegNet
Cgl0385,Cgl0385,-1,CoryNeRegNet
Cgl0420,Cgl0421,1,CoryNeRegNet
Cgl0420,Cgl0422,1,CoryNeRegNet
Cgl0420,Cgl0423,1,CoryNeRegNet
Cgl0420,Cgl0424,1,CoryNeRegNet
Cgl0420,Cgl0420,1,CoryNeRegNet
Cgl0445,Cgl0996,1,CoryNeRegNet
Cgl0478,Cgl0479,-1,CoryNeRegNet
Cgl0478,Cgl0480,-1,CoryNeRegNet
Cgl0478,Cgl0481,-1,CoryNeRegNet
Cgl0554,Cgl0544,-1,CoryNeRegNet
Cgl0554,Cgl0545,-1,CoryNeRegNet
Cgl0554,Cgl0547,-1,CoryNeRegNet
Cgl0554,Cgl0551,-1,CoryNeRegNet
Cgl0554,Cgl0546,-1,CoryNeRegNet
Cgl0554,Cgl0548,-1,CoryNeRegNet
Cgl0554,Cgl0549,-1,CoryNeRegNet
Cgl0554,Cgl0550,-1,CoryNeRegNet
Cgl0554,Cgl0552,-1,CoryNeRegNet
Cgl0554,Cgl0553,-1,CoryNeRegNet
Cgl0599,Cgl0768,1,CoryNeRegNet
Cgl0599,Cgl3090,-1,CoryNeRegNet
Cgl0606,Cgl0605,1,CoryNeRegNet
Cgl0612,Cgl1171,1,CoryNeRegNet
Cgl0612,Cgl2778,1,CoryNeRegNet
Cgl0612,Cgl2995,1,CoryNeRegNet
Cgl0612,Cgl0376,1,CoryNeRegNet
Cgl0612,Cgl0377,1,CoryNeRegNet
Cgl0612,Cgl0610,1,CoryNeRegNet
Cgl0612,Cgl0611,1,CoryNeRegNet
Cgl0612,Cgl0612,1,CoryNeRegNet
Cgl0612,Cgl0613,1,CoryNeRegNet
Cgl0612,Cgl0679,1,CoryNeRegNet
Cgl0612,Cgl2779,1,CoryNeRegNet
Cgl0612,Cgl2797,1,CoryNeRegNet
Cgl0612,Cgl2839,1,CoryNeRegNet
Cgl0612,Cgl2840,1,CoryNeRegNet
Cgl0612,Cgl2949,1,CoryNeRegNet
Cgl0612,Cgl1172,1,CoryNeRegNet
Cgl0612,Cgl2188,-1,CoryNeRegNet
Cgl0612,Cgl2226,1,CoryNeRegNet
Cgl0612,Cgl2443,1,CoryNeRegNet
Cgl0612,Cgl2553,1,CoryNeRegNet
Cgl0612,Cgl2552,1,CoryNeRegNet
Cgl0612,Cgl2780,1,CoryNeRegNet
Cgl0612,Cgl2800,1,CoryNeRegNet
Cgl0612,Cgl2799,1,CoryNeRegNet
Cgl0612,Cgl2798,1,CoryNeRegNet
Cgl0612,Cgl2994,1,CoryNeRegNet
Cgl0612,Cgl2993,1,CoryNeRegNet
Cgl0627,Cgl0622,-1,CoryNeRegNet
Cgl0627,Cgl0623,-1,CoryNeRegNet
Cgl0627,Cgl0625,-1,CoryNeRegNet
Cgl0627,Cgl0626,-1,CoryNeRegNet
Cgl0627,Cgl0627,-1,CoryNeRegNet
Cgl0627,Cgl0621,-1,CoryNeRegNet
Cgl0627,Cgl0624,-1,CoryNeRegNet
Cgl0627,Cgl0620,-1,CoryNeRegNet
Cgl0641,Cgl0641,-1,CoryNeRegNet
Cgl0641,Cgl1434,-1,CoryNeRegNet
Cgl0641,Cgl0640,-1,CoryNeRegNet
Cgl0698,Cgl0659,1,CoryNeRegNet
Cgl0698,Cgl0657,1,CoryNeRegNet
Cgl0698,Cgl0658,1,CoryNeRegNet
Cgl0754,Cgl0892,1,CoryNeRegNet
Cgl0754,Cgl2188,-1,CoryNeRegNet
Cgl0754,Cgl2497,-1,CoryNeRegNet
Cgl0754,Cgl0751,1,CoryNeRegNet
Cgl0754,Cgl0911,-1,CoryNeRegNet
Cgl0754,Cgl0913,-1,CoryNeRegNet
Cgl0754,Cgl1423,1,CoryNeRegNet
Cgl0754,Cgl3066,1,CoryNeRegNet
Cgl0754,Cgl1474,1,CoryNeRegNet
Cgl0754,Cgl1724,1,CoryNeRegNet
Cgl0754,Cgl2532,1,CoryNeRegNet
Cgl0754,Cgl0102,1,CoryNeRegNet
Cgl0754,Cgl0858,1,CoryNeRegNet
Cgl0754,Cgl2520,1,CoryNeRegNet
Cgl0754,Cgl2530,1,CoryNeRegNet
Cgl0754,Cgl2836,-1,CoryNeRegNet
Cgl0754,Cgl0101,1,CoryNeRegNet
Cgl0754,Cgl0910,-1,CoryNeRegNet
Cgl0754,Cgl0912,-1,CoryNeRegNet
Cgl0754,Cgl1345,1,CoryNeRegNet
Cgl0754,Cgl1725,1,CoryNeRegNet
Cgl0754,Cgl1831,1,CoryNeRegNet
Cgl0754,Cgl1913,1,CoryNeRegNet
Cgl0754,Cgl0229,1,CoryNeRegNet
Cgl0754,Cgl0618,1,CoryNeRegNet
Cgl0754,Cgl0786,1,CoryNeRegNet
Cgl0754,Cgl0909,-1,CoryNeRegNet
Cgl0754,Cgl2531,1,CoryNeRegNet
Cgl0754,Cgl2942,1,CoryNeRegNet
Cgl0768,Cgl3090,1,CoryNeRegNet
Cgl0768,Cgl3091,1,CoryNeRegNet
Cgl0768,Cgl3092,1,CoryNeRegNet
Cgl0768,Cgl0279,1,CoryNeRegNet
Cgl0768,Cgl0599,1,CoryNeRegNet
Cgl0787,Cgl0787,-1,CoryNeRegNet
Cgl0787,Cgl0788,1,CoryNeRegNet
Cgl0787,Cgl0789,1,CoryNeRegNet
Cgl0857,Cgl0856,-1,CoryNeRegNet
Cgl0857,Cgl0857,-1,CoryNeRegNet
Cgl0857,Cgl0855,-1,CoryNeRegNet
Cgl0863,Cgl1581,-1,CoryNeRegNet
Cgl0863,Cgl1992,-1,CoryNeRegNet
Cgl0863,Cgl3007,-1,CoryNeRegNet
Cgl0863,Cgl1455,-1,CoryNeRegNet
Cgl0863,Cgl0075,-1,CoryNeRegNet
Cgl0863,Cgl0076,-1,CoryNeRegNet
Cgl0863,Cgl0085,-1,CoryNeRegNet
Cgl0863,Cgl0088,-1,CoryNeRegNet
Cgl0863,Cgl0090,-1,CoryNeRegNet
Cgl0863,Cgl0183,-1,CoryNeRegNet
Cgl0863,Cgl0184,-1,CoryNeRegNet
Cgl0863,Cgl0931,-1,CoryNeRegNet
Cgl0863,Cgl0933,-1,CoryNeRegNet
Cgl0863,Cgl1582,-1,CoryNeRegNet
Cgl0863,Cgl1952,-1,CoryNeRegNet
Cgl0863,Cgl1990,-1,CoryNeRegNet
Cgl0863,Cgl1991,-1,CoryNeRegNet
Cgl0863,Cgl2060,-1,CoryNeRegNet
Cgl0863,Cgl2079,-1,CoryNeRegNet
Cgl0863,Cgl2214,-1,CoryNeRegNet
Cgl0863,Cgl1456,-1,CoryNeRegNet
Cgl0863,Cgl0086,-1,CoryNeRegNet
Cgl0863,Cgl0087,-1,CoryNeRegNet
Cgl0863,Cgl0930,-1,CoryNeRegNet
Cgl0863,Cgl0934,-1,CoryNeRegNet
Cgl0863,Cgl1583,-1,CoryNeRegNet
Cgl0863,Cgl0932,-1,CoryNeRegNet
Cgl0863,Cgl1144,-1,CoryNeRegNet
Cgl0863,Cgl1145,-1,CoryNeRegNet
Cgl0863,Cgl1950,-1,CoryNeRegNet
Cgl0863,Cgl1951,-1,CoryNeRegNet
Cgl0863,Cgl1953,-1,CoryNeRegNet
Cgl0863,Cgl1993,-1,CoryNeRegNet
Cgl0863,Cgl0084,-1,CoryNeRegNet
Cgl0863,Cgl0089,-1,CoryNeRegNet
Cgl0863,Cgl2061,-1,CoryNeRegNet
Cgl0863,Cgl0185,-1,CoryNeRegNet
Cgl0863,Cgl1106,-1,CoryNeRegNet
Cgl0863,Cgl2059,-1,CoryNeRegNet
Cgl0871,Cgl0870,-1,CoryNeRegNet
Cgl0871,Cgl0871,-1,CoryNeRegNet
Cgl0906,Cgl0906,-1,CoryNeRegNet
Cgl0906,Cgl0907,-1,CoryNeRegNet
Cgl0923,Cgl0924,-1,CoryNeRegNet
Cgl0923,Cgl0923,-1,CoryNeRegNet
Cgl0949,Cgl0947,1,CoryNeRegNet
Cgl0949,Cgl0949,1,CoryNeRegNet
Cgl0949,Cgl0946,1,CoryNeRegNet
Cgl0949,Cgl0948,1,CoryNeRegNet
Cgl0982,Cgl0370,-1,CoryNeRegNet
Cgl0982,Cgl0372,-1,CoryNeRegNet
Cgl0982,Cgl1186,-1,CoryNeRegNet
Cgl0982,Cgl1188,-1,CoryNeRegNet
Cgl0982,Cgl1185,-1,CoryNeRegNet
Cgl0982,Cgl1315,-1,CoryNeRegNet
Cgl0982,Cgl2402,-1,CoryNeRegNet
Cgl0982,Cgl0374,-1,CoryNeRegNet
Cgl0982,Cgl0371,-1,CoryNeRegNet
Cgl0982,Cgl0373,-1,CoryNeRegNet
Cgl0982,Cgl1187,-1,CoryNeRegNet
Cgl0982,Cgl1189,-1,CoryNeRegNet
Cgl0982,Cgl1190,-1,CoryNeRegNet
Cgl0982,Cgl1316,-1,CoryNeRegNet
Cgl0982,Cgl2752,-1,CoryNeRegNet
Cgl0982,Cgl2753,-1,CoryNeRegNet
Cgl0982,Cgl0255,-1,CoryNeRegNet
Cgl0982,Cgl1540,-1,CoryNeRegNet
Cgl0982,Cgl1541,-1,CoryNeRegNet
Cgl0982,Cgl1542,-1,CoryNeRegNet
Cgl1064,Cgl1064,-1,CoryNeRegNet
Cgl1064,Cgl1065,-1,CoryNeRegNet
Cgl1070,Cgl1069,-1,CoryNeRegNet
Cgl1070,Cgl1068,-1,CoryNeRegNet
Cgl1070,Cgl1070,-1,CoryNeRegNet
Cgl1070,Cgl1067,-1,CoryNeRegNet
Cgl1157,Cgl1157,-1,CoryNeRegNet
Cgl1157,Cgl1160,-1,CoryNeRegNet
Cgl1157,Cgl1158,-1,CoryNeRegNet
Cgl1157,Cgl1159,-1,CoryNeRegNet
Cgl1171,Cgl1186,1,CoryNeRegNet
Cgl1171,Cgl2926,-1,CoryNeRegNet
Cgl1171,Cgl1170,-1,CoryNeRegNet
Cgl1171,Cgl1171,-1,CoryNeRegNet
Cgl1171,Cgl1187,1,CoryNeRegNet
Cgl1171,Cgl1189,1,CoryNeRegNet
Cgl1171,Cgl1264,-1,CoryNeRegNet
Cgl1171,Cgl1642,-1,CoryNeRegNet
Cgl1171,Cgl2122,-1,CoryNeRegNet
Cgl1171,Cgl2784,-1,CoryNeRegNet
Cgl1171,Cgl1014,-1,CoryNeRegNet
Cgl1171,Cgl1188,1,CoryNeRegNet
Cgl1171,Cgl1190,1,CoryNeRegNet
Cgl1171,Cgl1643,-1,CoryNeRegNet
Cgl1171,Cgl1644,-1,CoryNeRegNet
Cgl1171,Cgl2785,-1,CoryNeRegNet
Cgl1171,Cgl2927,-1,CoryNeRegNet
Cgl1185,Cgl1185,-1,CoryNeRegNet
Cgl1185,Cgl1187,-1,CoryNeRegNet
Cgl1185,Cgl1189,-1,CoryNeRegNet
Cgl1185,Cgl1186,-1,CoryNeRegNet
Cgl1185,Cgl2838,-1,CoryNeRegNet
Cgl1185,Cgl1188,-1,CoryNeRegNet
Cgl1185,Cgl1190,-1,CoryNeRegNet
Cgl1251,Cgl2325,-1,CoryNeRegNet
Cgl1251,Cgl1364,-1,CoryNeRegNet
Cgl1251,Cgl1366,-1,CoryNeRegNet
Cgl1251,Cgl1367,-1,CoryNeRegNet
Cgl1251,Cgl1251,-1,CoryNeRegNet
Cgl1251,Cgl1252,-1,CoryNeRegNet
Cgl1251,Cgl1254,-1,CoryNeRegNet
Cgl1251,Cgl1253,-1,CoryNeRegNet
Cgl1251,Cgl1255,-1,CoryNeRegNet
Cgl1251,Cgl1365,-1,CoryNeRegNet
Cgl1263,Cgl1263,-1,CoryNeRegNet
Cgl1263,Cgl1262,1,CoryNeRegNet
Cgl1314,Cgl1315,-1,CoryNeRegNet
Cgl1314,Cgl1316,-1,CoryNeRegNet
Cgl1314,Cgl3031,-1,CoryNeRegNet
Cgl1314,Cgl3033,-1,CoryNeRegNet
Cgl1314,Cgl3034,-1,CoryNeRegNet
Cgl1314,Cgl1286,-1,CoryNeRegNet
Cgl1314,Cgl3029,-1,CoryNeRegNet
Cgl1314,Cgl3032,-1,CoryNeRegNet
Cgl1314,Cgl3035,-1,CoryNeRegNet
Cgl1367,Cgl1251,-1,CoryNeRegNet
Cgl1367,Cgl1254,-1,CoryNeRegNet
Cgl1367,Cgl1364,-1,CoryNeRegNet
Cgl1367,Cgl1252,-1,CoryNeRegNet
Cgl1367,Cgl1367,-1,CoryNeRegNet
Cgl1367,Cgl1253,-1,CoryNeRegNet
Cgl1367,Cgl1255,-1,CoryNeRegNet
Cgl1367,Cgl1365,-1,CoryNeRegNet
Cgl1367,Cgl1366,-1,CoryNeRegNet
Cgl1367,Cgl2325,-1,CoryNeRegNet
Cgl1371,Cgl1372,-1,CoryNeRegNet
Cgl1371,Cgl1371,-1,CoryNeRegNet
Cgl1399,Cgl1609,-1,CoryNeRegNet
Cgl1399,Cgl0185,-1,CoryNeRegNet
Cgl1399,Cgl1610,-1,CoryNeRegNet
Cgl1399,Cgl1608,-1,CoryNeRegNet
Cgl1399,Cgl2079,-1,CoryNeRegNet
Cgl1399,Cgl1395,-1,CoryNeRegNet
Cgl1399,Cgl0184,-1,CoryNeRegNet
Cgl1399,Cgl1397,-1,CoryNeRegNet
Cgl1399,Cgl1399,-1,CoryNeRegNet
Cgl1399,Cgl1394,-1,CoryNeRegNet
Cgl1399,Cgl1396,-1,CoryNeRegNet
Cgl1399,Cgl1398,-1,CoryNeRegNet
Cgl1457,Cgl1461,-1,CoryNeRegNet
Cgl1457,Cgl1457,-1,CoryNeRegNet
Cgl1457,Cgl1460,-1,CoryNeRegNet
Cgl1457,Cgl1458,-1,CoryNeRegNet
Cgl1457,Cgl1459,-1,CoryNeRegNet
Cgl1457,Cgl1462,-1,CoryNeRegNet
Cgl1541,Cgl1542,-1,CoryNeRegNet
Cgl1541,Cgl1541,-1,CoryNeRegNet
Cgl1541,Cgl1540,-1,CoryNeRegNet
Cgl1565,Cgl1561,-1,CoryNeRegNet
Cgl1565,Cgl1563,-1,CoryNeRegNet
Cgl1565,Cgl1565,-1,CoryNeRegNet
Cgl1565,Cgl1559,-1,CoryNeRegNet
Cgl1565,Cgl1560,-1,CoryNeRegNet
Cgl1565,Cgl1562,-1,CoryNeRegNet
Cgl1565,Cgl1564,-1,CoryNeRegNet
Cgl1589,Cgl2155,1,CoryNeRegNet
Cgl1589,Cgl0708,1,CoryNeRegNet
Cgl1589,Cgl2152,1,CoryNeRegNet
Cgl1613,Cgl2024,-1,CoryNeRegNet
Cgl1613,Cgl1612,-1,CoryNeRegNet
Cgl1613,Cgl1613,-1,CoryNeRegNet
Cgl1613,Cgl1611,-1,CoryNeRegNet
Cgl1625,Cgl1628,-1,CoryNeRegNet
Cgl1625,Cgl1625,-1,CoryNeRegNet
Cgl1625,Cgl1626,-1,CoryNeRegNet
Cgl1625,Cgl1627,-1,CoryNeRegNet
Cgl1640,Cgl1638,-1,CoryNeRegNet
Cgl1640,Cgl1639,-1,CoryNeRegNet
Cgl1640,Cgl1640,-1,CoryNeRegNet
Cgl1640,Cgl1641,-1,CoryNeRegNet
Cgl1653,Cgl0767,1,CoryNeRegNet
Cgl1653,Cgl1120,1,CoryNeRegNet
Cgl1653,Cgl2657,-1,CoryNeRegNet
Cgl1653,Cgl1121,1,CoryNeRegNet
Cgl1653,Cgl1919,1,CoryNeRegNet
Cgl1653,Cgl1930,1,CoryNeRegNet
Cgl1653,Cgl3089,1,CoryNeRegNet
Cgl1718,Cgl1360,1,CoryNeRegNet
Cgl1718,Cgl1452,-1,CoryNeRegNet
Cgl1718,Cgl1576,-1,CoryNeRegNet
Cgl1718,Cgl1578,-1,CoryNeRegNet
Cgl1718,Cgl2908,-1,CoryNeRegNet
Cgl1718,Cgl2863,1,CoryNeRegNet
Cgl1718,Cgl1574,-1,CoryNeRegNet
Cgl1718,Cgl1575,-1,CoryNeRegNet
Cgl1718,Cgl1577,-1,CoryNeRegNet
Cgl1718,Cgl2485,-1,CoryNeRegNet
Cgl1718,Cgl2642,1,CoryNeRegNet
Cgl1920,Cgl0500,-1,CoryNeRegNet
Cgl1920,Cgl0502,-1,CoryNeRegNet
Cgl1920,Cgl0646,-1,CoryNeRegNet
Cgl1920,Cgl0665,-1,CoryNeRegNet
Cgl1920,Cgl0666,-1,CoryNeRegNet
Cgl1920,Cgl0669,-1,CoryNeRegNet
Cgl1920,Cgl0813,-1,CoryNeRegNet
Cgl1920,Cgl0982,-1,CoryNeRegNet
Cgl1920,Cgl1248,-1,CoryNeRegNet
Cgl1920,Cgl1778,-1,CoryNeRegNet
Cgl1920,Cgl2783,-1,CoryNeRegNet
Cgl1920,Cgl2815,-1,CoryNeRegNet
Cgl1920,Cgl2818,-1,CoryNeRegNet
Cgl1920,Cgl2850,-1,CoryNeRegNet
Cgl1920,Cgl0392,-1,CoryNeRegNet
Cgl1920,Cgl0393,-1,CoryNeRegNet
Cgl1920,Cgl0445,-1,CoryNeRegNet
Cgl1920,Cgl0501,-1,CoryNeRegNet
Cgl1920,Cgl0667,-1,CoryNeRegNet
Cgl1920,Cgl0668,-1,CoryNeRegNet
Cgl1920,Cgl0807,-1,CoryNeRegNet
Cgl1920,Cgl0808,-1,CoryNeRegNet
Cgl1920,Cgl0810,-1,CoryNeRegNet
Cgl1920,Cgl0811,-1,CoryNeRegNet
Cgl1920,Cgl0812,-1,CoryNeRegNet
Cgl1920,Cgl0835,-1,CoryNeRegNet
Cgl1920,Cgl1715,-1,CoryNeRegNet
Cgl1920,Cgl1776,-1,CoryNeRegNet
Cgl1920,Cgl1777,-1,CoryNeRegNet
Cgl1920,Cgl2035,-1,CoryNeRegNet
Cgl1920,Cgl2108,-1,CoryNeRegNet
Cgl1920,Cgl2227,-1,CoryNeRegNet
Cgl1920,Cgl2526,1,CoryNeRegNet
Cgl1920,Cgl2538,-1,CoryNeRegNet
Cgl1920,Cgl2539,-1,CoryNeRegNet
Cgl1920,Cgl2784,-1,CoryNeRegNet
Cgl1920,Cgl2785,-1,CoryNeRegNet
Cgl1920,Cgl2813,-1,CoryNeRegNet
Cgl1920,Cgl0123,-1,CoryNeRegNet
Cgl1920,Cgl0336,-1,CoryNeRegNet
Cgl1920,Cgl0372,1,CoryNeRegNet
Cgl1920,Cgl0373,1,CoryNeRegNet
Cgl1920,Cgl0388,-1,CoryNeRegNet
Cgl1920,Cgl2814,-1,CoryNeRegNet
Cgl1920,Cgl2816,-1,CoryNeRegNet
Cgl1920,Cgl2817,-1,CoryNeRegNet
Cgl1920,Cgl2999,1,CoryNeRegNet
Cgl1920,Cgl3075,-1,CoryNeRegNet
Cgl1920,Cgl0370,1,CoryNeRegNet
Cgl1920,Cgl0371,1,CoryNeRegNet
Cgl1920,Cgl0387,-1,CoryNeRegNet
Cgl1920,Cgl0390,-1,CoryNeRegNet
Cgl1920,Cgl0391,-1,CoryNeRegNet
Cgl1920,Cgl0389,-1,CoryNeRegNet
Cgl1920,Cgl1257,-1,CoryNeRegNet
Cgl1920,Cgl1451,-1,CoryNeRegNet
Cgl1920,Cgl1714,-1,CoryNeRegNet
Cgl1920,Cgl2782,-1,CoryNeRegNet
Cgl1920,Cgl2812,-1,CoryNeRegNet
Cgl1920,Cgl2935,-1,CoryNeRegNet
Cgl1920,Cgl3065,-1,CoryNeRegNet
Cgl1920,Cgl0374,1,CoryNeRegNet
Cgl1920,Cgl0124,-1,CoryNeRegNet
Cgl1925,Cgl0255,-1,CoryNeRegNet
Cgl1925,Cgl1142,-1,CoryNeRegNet
Cgl1925,Cgl1150,-1,CoryNeRegNet
Cgl1925,Cgl1501,-1,CoryNeRegNet
Cgl1925,Cgl1559,-1,CoryNeRegNet
Cgl1925,Cgl1563,-1,CoryNeRegNet
Cgl1925,Cgl1565,-1,CoryNeRegNet
Cgl1925,Cgl1148,-1,CoryNeRegNet
Cgl1925,Cgl1537,-1,CoryNeRegNet
Cgl1925,Cgl1561,-1,CoryNeRegNet
Cgl1925,Cgl3066,-1,CoryNeRegNet
Cgl1925,Cgl1141,-1,CoryNeRegNet
Cgl1925,Cgl1147,-1,CoryNeRegNet
Cgl1925,Cgl1149,-1,CoryNeRegNet
Cgl1925,Cgl1560,-1,CoryNeRegNet
Cgl1925,Cgl1562,-1,CoryNeRegNet
Cgl1925,Cgl1925,-1,CoryNeRegNet
Cgl1925,Cgl2526,-1,CoryNeRegNet
Cgl1925,Cgl1143,-1,CoryNeRegNet
Cgl1925,Cgl1548,-1,CoryNeRegNet
Cgl1925,Cgl1564,-1,CoryNeRegNet
Cgl1925,Cgl2999,-1,CoryNeRegNet
Cgl1928,Cgl2531,-1,CoryNeRegNet
Cgl1928,Cgl2530,-1,CoryNeRegNet
Cgl1928,Cgl2532,-1,CoryNeRegNet
Cgl1930,Cgl0393,-1,CoryNeRegNet
Cgl1930,Cgl0617,-1,CoryNeRegNet
Cgl1930,Cgl0727,1,CoryNeRegNet
Cgl1930,Cgl0788,1,CoryNeRegNet
Cgl1930,Cgl0789,1,CoryNeRegNet
Cgl1930,Cgl0945,-1,CoryNeRegNet
Cgl1930,Cgl1137,-1,CoryNeRegNet
Cgl1930,Cgl1138,-1,CoryNeRegNet
Cgl1930,Cgl1166,-1,CoryNeRegNet
Cgl1930,Cgl1167,-1,CoryNeRegNet
Cgl1930,Cgl1660,-1,CoryNeRegNet
Cgl1930,Cgl1662,-1,CoryNeRegNet
Cgl1930,Cgl1806,-1,CoryNeRegNet
Cgl1930,Cgl1929,-1,CoryNeRegNet
Cgl1930,Cgl1955,-1,CoryNeRegNet
Cgl1930,Cgl1968,-1,CoryNeRegNet
Cgl1930,Cgl2077,-1,CoryNeRegNet
Cgl1930,Cgl2078,-1,CoryNeRegNet
Cgl1930,Cgl3017,-1,CoryNeRegNet
Cgl1930,Cgl0616,-1,CoryNeRegNet
Cgl1930,Cgl0734,-1,CoryNeRegNet
Cgl1930,Cgl1105,-1,CoryNeRegNet
Cgl1930,Cgl0638,-1,CoryNeRegNet
Cgl1930,Cgl0642,-1,CoryNeRegNet
Cgl1930,Cgl0766,-1,CoryNeRegNet
Cgl1930,Cgl0928,-1,CoryNeRegNet
Cgl1930,Cgl1163,1,CoryNeRegNet
Cgl1930,Cgl1249,-1,CoryNeRegNet
Cgl1930,Cgl1265,-1,CoryNeRegNet
Cgl1930,Cgl1375,-1,CoryNeRegNet
Cgl1930,Cgl1414,-1,CoryNeRegNet
Cgl1930,Cgl1661,-1,CoryNeRegNet
Cgl1930,Cgl1672,-1,CoryNeRegNet
Cgl1930,Cgl1673,-1,CoryNeRegNet
Cgl1930,Cgl1674,-1,CoryNeRegNet
Cgl1930,Cgl1814,-1,CoryNeRegNet
Cgl1930,Cgl1930,-1,CoryNeRegNet
Cgl1930,Cgl1954,-1,CoryNeRegNet
Cgl1930,Cgl2169,-1,CoryNeRegNet
Cgl1930,Cgl2281,-1,CoryNeRegNet
Cgl1930,Cgl2442,-1,CoryNeRegNet
Cgl1930,Cgl2486,-1,CoryNeRegNet
Cgl1930,Cgl0392,-1,CoryNeRegNet
Cgl1930,Cgl1376,-1,CoryNeRegNet
Cgl1930,Cgl1756,-1,CoryNeRegNet
Cgl1930,Cgl1928,-1,CoryNeRegNet
Cgl1930,Cgl2230,-1,CoryNeRegNet
Cgl1930,Cgl2665,-1,CoryNeRegNet
Cgl1931,Cgl0553,-1,CoryNeRegNet
Cgl1931,Cgl0974,-1,CoryNeRegNet
Cgl1931,Cgl1133,-1,CoryNeRegNet
Cgl1931,Cgl2770,-1,CoryNeRegNet
Cgl1931,Cgl3036,-1,CoryNeRegNet
Cgl1931,Cgl1937,-1,CoryNeRegNet
Cgl1931,Cgl2560,-1,CoryNeRegNet
Cgl1931,Cgl0366,-1,CoryNeRegNet
Cgl1931,Cgl0550,-1,CoryNeRegNet
Cgl1931,Cgl0552,-1,CoryNeRegNet
Cgl1931,Cgl0587,-1,CoryNeRegNet
Cgl1931,Cgl0588,-1,CoryNeRegNet
Cgl1931,Cgl1132,-1,CoryNeRegNet
Cgl1931,Cgl1134,-1,CoryNeRegNet
Cgl1931,Cgl1249,-1,CoryNeRegNet
Cgl1931,Cgl1573,-1,CoryNeRegNet
Cgl1931,Cgl1574,-1,CoryNeRegNet
Cgl1931,Cgl1575,-1,CoryNeRegNet
Cgl1931,Cgl1967,-1,CoryNeRegNet
Cgl1931,Cgl2537,-1,CoryNeRegNet
Cgl1931,Cgl2538,-1,CoryNeRegNet
Cgl1931,Cgl2562,-1,CoryNeRegNet
Cgl1931,Cgl3037,-1,CoryNeRegNet
Cgl1931,Cgl0547,-1,CoryNeRegNet
Cgl1931,Cgl0548,-1,CoryNeRegNet
Cgl1931,Cgl1932,-1,CoryNeRegNet
Cgl1931,Cgl2642,-1,CoryNeRegNet
Cgl1931,Cgl2911,-1,CoryNeRegNet
Cgl1931,Cgl1360,-1,CoryNeRegNet
Cgl1931,Cgl1931,-1,CoryNeRegNet
Cgl1931,Cgl1934,-1,CoryNeRegNet
Cgl1931,Cgl0546,-1,CoryNeRegNet
Cgl1931,Cgl0551,-1,CoryNeRegNet
Cgl1931,Cgl1250,-1,CoryNeRegNet
Cgl1931,Cgl1576,-1,CoryNeRegNet
Cgl1931,Cgl1577,-1,CoryNeRegNet
Cgl1931,Cgl1578,-1,CoryNeRegNet
Cgl1931,Cgl1588,-1,CoryNeRegNet
Cgl1931,Cgl1933,-1,CoryNeRegNet
Cgl1931,Cgl1935,-1,CoryNeRegNet
Cgl1931,Cgl1936,-1,CoryNeRegNet
Cgl1931,Cgl2062,-1,CoryNeRegNet
Cgl1931,Cgl2089,-1,CoryNeRegNet
Cgl1934,Cgl1934,-1,CoryNeRegNet
Cgl1934,Cgl1937,-1,CoryNeRegNet
Cgl1934,Cgl1933,-1,CoryNeRegNet
Cgl1934,Cgl1935,-1,CoryNeRegNet
Cgl1934,Cgl1936,-1,CoryNeRegNet
Cgl1962,Cgl0243,1,CoryNeRegNet
Cgl1962,Cgl0244,1,CoryNeRegNet
Cgl1962,Cgl0782,1,CoryNeRegNet
Cgl1962,Cgl1940,1,CoryNeRegNet
Cgl1962,Cgl2411,1,CoryNeRegNet
Cgl1962,Cgl2678,1,CoryNeRegNet
Cgl1962,Cgl2412,1,CoryNeRegNet
Cgl1962,Cgl2596,1,CoryNeRegNet
Cgl2009,Cgl2011,1,CoryNeRegNet
Cgl2009,Cgl2012,1,CoryNeRegNet
Cgl2009,Cgl2935,-1,CoryNeRegNet
Cgl2068,Cgl2069,1,CoryNeRegNet
Cgl2106,Cgl1959,-1,CoryNeRegNet
Cgl2106,Cgl2604,-1,CoryNeRegNet
Cgl2106,Cgl0073,-1,CoryNeRegNet
Cgl2106,Cgl0074,-1,CoryNeRegNet
Cgl2106,Cgl2602,-1,CoryNeRegNet
Cgl2106,Cgl2603,-1,CoryNeRegNet
Cgl2106,Cgl2605,-1,CoryNeRegNet
Cgl2106,Cgl0072,-1,CoryNeRegNet
Cgl2106,Cgl1958,-1,CoryNeRegNet
Cgl2106,Cgl1960,-1,CoryNeRegNet
Cgl2279,Cgl2279,-1,CoryNeRegNet
Cgl2279,Cgl2280,-1,CoryNeRegNet
Cgl2280,Cgl0026,-1,CoryNeRegNet
Cgl2280,Cgl2630,-1,CoryNeRegNet
Cgl2280,Cgl0027,-1,CoryNeRegNet
Cgl2280,Cgl0028,-1,CoryNeRegNet
Cgl2280,Cgl0029,-1,CoryNeRegNet
Cgl2280,Cgl0692,-1,CoryNeRegNet
Cgl2280,Cgl0693,-1,CoryNeRegNet
Cgl2280,Cgl1281,-1,CoryNeRegNet
Cgl2280,Cgl2628,-1,CoryNeRegNet
Cgl2280,Cgl2629,-1,CoryNeRegNet
Cgl2291,Cgl2716,-1,CoryNeRegNet
Cgl2291,Cgl0597,-1,CoryNeRegNet
Cgl2291,Cgl1372,-1,CoryNeRegNet
Cgl2316,Cgl0291,1,CoryNeRegNet
Cgl2316,Cgl2313,-1,CoryNeRegNet
Cgl2316,Cgl2314,-1,CoryNeRegNet
Cgl2316,Cgl2315,-1,CoryNeRegNet
Cgl2382,Cgl2384,-1,CoryNeRegNet
Cgl2382,Cgl2383,-1,CoryNeRegNet
Cgl2382,Cgl2385,-1,CoryNeRegNet
Cgl2391,Cgl2395,-1,CoryNeRegNet
Cgl2391,Cgl1076,-1,CoryNeRegNet
Cgl2391,Cgl2389,-1,CoryNeRegNet
Cgl2391,Cgl2392,-1,CoryNeRegNet
Cgl2391,Cgl2393,-1,CoryNeRegNet
Cgl2391,Cgl2394,-1,CoryNeRegNet
Cgl2391,Cgl2396,-1,CoryNeRegNet
Cgl2391,Cgl2397,-1,CoryNeRegNet
Cgl2391,Cgl1077,-1,CoryNeRegNet
Cgl2391,Cgl2390,-1,CoryNeRegNet
Cgl2391,Cgl2391,-1,CoryNeRegNet
Cgl2391,Cgl2398,-1,CoryNeRegNet
Cgl2394,Cgl1077,1,CoryNeRegNet
Cgl2394,Cgl2396,1,CoryNeRegNet
Cgl2394,Cgl2395,1,CoryNeRegNet
Cgl2394,Cgl1076,1,CoryNeRegNet
Cgl2394,Cgl2397,1,CoryNeRegNet
Cgl2394,Cgl2398,1,CoryNeRegNet
Cgl2408,Cgl2400,1,CoryNeRegNet
Cgl2408,Cgl2402,1,CoryNeRegNet
Cgl2408,Cgl2405,1,CoryNeRegNet
Cgl2408,Cgl2406,1,CoryNeRegNet
Cgl2408,Cgl2410,1,CoryNeRegNet
Cgl2408,Cgl2401,1,CoryNeRegNet
Cgl2408,Cgl2404,1,CoryNeRegNet
Cgl2408,Cgl2407,1,CoryNeRegNet
Cgl2408,Cgl2409,1,CoryNeRegNet
Cgl2490,Cgl0700,-1,CoryNeRegNet
Cgl2490,Cgl0708,-1,CoryNeRegNet
Cgl2490,Cgl0836,-1,CoryNeRegNet
Cgl2490,Cgl2495,-1,CoryNeRegNet
Cgl2511,Cgl2436,-1,CoryNeRegNet
Cgl2511,Cgl0450,-1,CoryNeRegNet
Cgl2511,Cgl1260,-1,CoryNeRegNet
Cgl2511,Cgl2435,-1,CoryNeRegNet
Cgl2511,Cgl2437,-1,CoryNeRegNet
Cgl2511,Cgl0451,-1,CoryNeRegNet
Cgl2511,Cgl2088,-1,CoryNeRegNet
Cgl2511,Cgl2438,-1,CoryNeRegNet
Cgl2511,Cgl2439,-1,CoryNeRegNet
Cgl2511,Cgl3016,-1,CoryNeRegNet
Cgl2527,Cgl1452,-1,CoryNeRegNet
Cgl2527,Cgl1360,1,CoryNeRegNet
Cgl2527,Cgl1575,-1,CoryNeRegNet
Cgl2527,Cgl1577,-1,CoryNeRegNet
Cgl2527,Cgl2485,-1,CoryNeRegNet
Cgl2527,Cgl2642,1,CoryNeRegNet
Cgl2527,Cgl2908,-1,CoryNeRegNet
Cgl2527,Cgl0664,1,CoryNeRegNet
Cgl2527,Cgl2089,-1,CoryNeRegNet
Cgl2527,Cgl0937,1,CoryNeRegNet
Cgl2527,Cgl2863,1,CoryNeRegNet
Cgl2527,Cgl3007,1,CoryNeRegNet
Cgl2527,Cgl1574,-1,CoryNeRegNet
Cgl2527,Cgl1576,-1,CoryNeRegNet
Cgl2527,Cgl1578,-1,CoryNeRegNet
Cgl2560,Cgl0370,1,CoryNeRegNet
Cgl2560,Cgl0371,1,CoryNeRegNet
Cgl2560,Cgl2560,-1,CoryNeRegNet
Cgl2560,Cgl2863,1,CoryNeRegNet
Cgl2560,Cgl0372,1,CoryNeRegNet
Cgl2560,Cgl0658,1,CoryNeRegNet
Cgl2560,Cgl0937,1,CoryNeRegNet
Cgl2560,Cgl1937,-1,CoryNeRegNet
Cgl2560,Cgl1360,-1,CoryNeRegNet
Cgl2560,Cgl1574,-1,CoryNeRegNet
Cgl2560,Cgl1576,-1,CoryNeRegNet
Cgl2560,Cgl1577,-1,CoryNeRegNet
Cgl2560,Cgl1588,1,CoryNeRegNet
Cgl2560,Cgl1931,1,CoryNeRegNet
Cgl2560,Cgl1932,1,CoryNeRegNet
Cgl2560,Cgl2001,1,CoryNeRegNet
Cgl2560,Cgl2207,1,CoryNeRegNet
Cgl2560,Cgl2379,-1,CoryNeRegNet
Cgl2560,Cgl2380,-1,CoryNeRegNet
Cgl2560,Cgl2566,1,CoryNeRegNet
Cgl2560,Cgl2917,-1,CoryNeRegNet
Cgl2560,Cgl2911,-1,CoryNeRegNet
Cgl2560,Cgl0369,1,CoryNeRegNet
Cgl2560,Cgl0911,1,CoryNeRegNet
Cgl2560,Cgl1541,1,CoryNeRegNet
Cgl2560,Cgl2753,1,CoryNeRegNet
Cgl2560,Cgl2807,1,CoryNeRegNet
Cgl2560,Cgl0373,1,CoryNeRegNet
Cgl2560,Cgl0659,1,CoryNeRegNet
Cgl2560,Cgl0829,1,CoryNeRegNet
Cgl2560,Cgl0833,1,CoryNeRegNet
Cgl2560,Cgl1019,1,CoryNeRegNet
Cgl2560,Cgl1250,-1,CoryNeRegNet
Cgl2560,Cgl1452,1,CoryNeRegNet
Cgl2560,Cgl1540,1,CoryNeRegNet
Cgl2560,Cgl1542,1,CoryNeRegNet
Cgl2560,Cgl1575,-1,CoryNeRegNet
Cgl2560,Cgl1578,-1,CoryNeRegNet
Cgl2560,Cgl2089,-1,CoryNeRegNet
Cgl2560,Cgl2565,1,CoryNeRegNet
Cgl2560,Cgl2670,-1,CoryNeRegNet
Cgl2560,Cgl2918,-1,CoryNeRegNet
Cgl2560,Cgl3007,1,CoryNeRegNet
Cgl2560,Cgl0657,1,CoryNeRegNet
Cgl2560,Cgl0832,1,CoryNeRegNet
Cgl2560,Cgl1010,1,CoryNeRegNet
Cgl2560,Cgl1117,1,CoryNeRegNet
Cgl2560,Cgl1118,1,CoryNeRegNet
Cgl2560,Cgl2796,1,CoryNeRegNet
Cgl2560,Cgl0909,1,CoryNeRegNet
Cgl2560,Cgl0910,1,CoryNeRegNet
Cgl2560,Cgl0912,1,CoryNeRegNet
Cgl2560,Cgl0913,1,CoryNeRegNet
Cgl2560,Cgl2329,1,CoryNeRegNet
Cgl2560,Cgl2331,1,CoryNeRegNet
Cgl2560,Cgl2752,1,CoryNeRegNet
Cgl2607,Cgl0065,1,CoryNeRegNet
Cgl2607,Cgl1385,1,CoryNeRegNet
Cgl2607,Cgl2572,1,CoryNeRegNet
Cgl2607,Cgl2574,1,CoryNeRegNet
Cgl2607,Cgl0328,1,CoryNeRegNet
Cgl2607,Cgl0972,1,CoryNeRegNet
Cgl2607,Cgl1383,1,CoryNeRegNet
Cgl2607,Cgl1386,1,CoryNeRegNet
Cgl2607,Cgl2592,1,CoryNeRegNet
Cgl2607,Cgl3064,1,CoryNeRegNet
Cgl2607,Cgl0460,1,CoryNeRegNet
Cgl2607,Cgl1384,1,CoryNeRegNet
Cgl2607,Cgl1387,1,CoryNeRegNet
Cgl2607,Cgl0459,1,CoryNeRegNet
Cgl2607,Cgl2573,1,CoryNeRegNet
Cgl2607,Cgl2575,1,CoryNeRegNet
Cgl2607,Cgl2606,1,CoryNeRegNet
Cgl2607,Cgl2607,1,CoryNeRegNet
Cgl2612,Cgl2613,-1,CoryNeRegNet
Cgl2612,Cgl2611,-1,CoryNeRegNet
Cgl2612,Cgl2612,-1,CoryNeRegNet
Cgl2627,Cgl2996,1,CoryNeRegNet
Cgl2627,Cgl0030,1,CoryNeRegNet
Cgl2627,Cgl0451,-1,CoryNeRegNet
Cgl2627,Cgl2902,1,CoryNeRegNet
Cgl2627,Cgl0031,1,CoryNeRegNet
Cgl2627,Cgl0032,1,CoryNeRegNet
Cgl2627,Cgl0450,-1,CoryNeRegNet
Cgl2627,Cgl1260,-1,CoryNeRegNet
Cgl2627,Cgl2887,1,CoryNeRegNet
Cgl2651,Cgl1556,-1,CoryNeRegNet
Cgl2651,Cgl2645,-1,CoryNeRegNet
Cgl2651,Cgl2647,-1,CoryNeRegNet
Cgl2651,Cgl2650,-1,CoryNeRegNet
Cgl2651,Cgl2652,-1,CoryNeRegNet
Cgl2651,Cgl2653,-1,CoryNeRegNet
Cgl2651,Cgl2655,-1,CoryNeRegNet
Cgl2651,Cgl2644,-1,CoryNeRegNet
Cgl2651,Cgl2646,-1,CoryNeRegNet
Cgl2651,Cgl2651,-1,CoryNeRegNet
Cgl2651,Cgl2654,-1,CoryNeRegNet
Cgl2651,Cgl2648,-1,CoryNeRegNet
Cgl2657,Cgl2656,1,CoryNeRegNet
Cgl2680,Cgl2681,1,CoryNeRegNet
Cgl2782,Cgl2785,-1,CoryNeRegNet
Cgl2782,Cgl2783,-1,CoryNeRegNet
Cgl2782,Cgl2782,-1,CoryNeRegNet
Cgl2782,Cgl2784,-1,CoryNeRegNet
Cgl2797,Cgl2780,-1,CoryNeRegNet
Cgl2797,Cgl1962,-1,CoryNeRegNet
Cgl2797,Cgl2716,-1,CoryNeRegNet
Cgl2797,Cgl2779,-1,CoryNeRegNet
Cgl2797,Cgl2797,-1,CoryNeRegNet
Cgl2797,Cgl2798,-1,CoryNeRegNet
Cgl2797,Cgl2799,-1,CoryNeRegNet
Cgl2797,Cgl2800,-1,CoryNeRegNet
Cgl2894,Cgl1395,-1,CoryNeRegNet
Cgl2894,Cgl1397,-1,CoryNeRegNet
Cgl2894,Cgl1400,-1,CoryNeRegNet
Cgl2894,Cgl2079,-1,CoryNeRegNet
Cgl2894,Cgl2894,-1,CoryNeRegNet
Cgl2894,Cgl1398,-1,CoryNeRegNet
Cgl2894,Cgl1399,-1,CoryNeRegNet
Cgl2894,Cgl1394,-1,CoryNeRegNet
Cgl2894,Cgl1401,-1,CoryNeRegNet
Cgl2894,Cgl1396,-1,CoryNeRegNet
Cgl2915,Cgl1935,-1,CoryNeRegNet
Cgl2915,Cgl1936,-1,CoryNeRegNet
Cgl2915,Cgl2917,-1,CoryNeRegNet
Cgl2915,Cgl2918,-1,CoryNeRegNet
Cgl2915,Cgl1934,-1,CoryNeRegNet
Cgl2915,Cgl2911,-1,CoryNeRegNet
Cgl2928,Cgl2929,1,CoryNeRegNet
Cgl2928,Cgl2928,-1,CoryNeRegNet
Cgl2935,Cgl0437,-1,CoryNeRegNet
Cgl2935,Cgl0438,-1,CoryNeRegNet
Cgl2935,Cgl0440,-1,CoryNeRegNet
Cgl2935,Cgl1537,-1,CoryNeRegNet
Cgl2935,Cgl2190,1,CoryNeRegNet
Cgl2935,Cgl2523,1,CoryNeRegNet
Cgl2935,Cgl0417,-1,CoryNeRegNet
Cgl2935,Cgl0435,-1,CoryNeRegNet
Cgl2935,Cgl0439,-1,CoryNeRegNet
Cgl2935,Cgl0441,-1,CoryNeRegNet
Cgl2935,Cgl0442,-1,CoryNeRegNet
Cgl2935,Cgl2009,-1,CoryNeRegNet
Cgl2935,Cgl2010,-1,CoryNeRegNet
Cgl2935,Cgl2189,1,CoryNeRegNet
Cgl2935,Cgl2191,1,CoryNeRegNet
Cgl2935,Cgl2227,1,CoryNeRegNet
Cgl2935,Cgl0418,-1,CoryNeRegNet
Cgl2935,Cgl0436,-1,CoryNeRegNet
Cgl2935,Cgl2192,1,CoryNeRegNet
Cgl2941,Cgl0635,-1,CoryNeRegNet
Cgl2941,Cgl0637,-1,CoryNeRegNet
Cgl2941,Cgl0652,-1,CoryNeRegNet
Cgl2941,Cgl1011,-1,CoryNeRegNet
Cgl2941,Cgl1015,-1,CoryNeRegNet
Cgl2941,Cgl1018,-1,CoryNeRegNet
Cgl2941,Cgl1139,-1,CoryNeRegNet
Cgl2941,Cgl1184,-1,CoryNeRegNet
Cgl2941,Cgl1221,-1,CoryNeRegNet
Cgl2941,Cgl1230,-1,CoryNeRegNet
Cgl2941,Cgl1231,-1,CoryNeRegNet
Cgl2941,Cgl2435,-1,CoryNeRegNet
Cgl2941,Cgl2436,-1,CoryNeRegNet
Cgl2941,Cgl2439,-1,CoryNeRegNet
Cgl2941,Cgl2446,-1,CoryNeRegNet
Cgl2941,Cgl2562,-1,CoryNeRegNet
Cgl2941,Cgl2812,-1,CoryNeRegNet
Cgl2941,Cgl2813,-1,CoryNeRegNet
Cgl2941,Cgl2815,-1,CoryNeRegNet
Cgl2941,Cgl2817,-1,CoryNeRegNet
Cgl2941,Cgl2818,-1,CoryNeRegNet
Cgl2941,Cgl2830,-1,CoryNeRegNet
Cgl2941,Cgl2941,-1,CoryNeRegNet
Cgl2941,Cgl0010,-1,CoryNeRegNet
Cgl2941,Cgl0121,-1,CoryNeRegNet
Cgl2941,Cgl0636,-1,CoryNeRegNet
Cgl2941,Cgl0653,-1,CoryNeRegNet
Cgl2941,Cgl1016,-1,CoryNeRegNet
Cgl2941,Cgl1017,-1,CoryNeRegNet
Cgl2941,Cgl1183,-1,CoryNeRegNet
Cgl2941,Cgl1220,-1,CoryNeRegNet
Cgl2941,Cgl1222,-1,CoryNeRegNet
Cgl2941,Cgl1223,-1,CoryNeRegNet
Cgl2941,Cgl1232,-1,CoryNeRegNet
Cgl2941,Cgl1507,-1,CoryNeRegNet
Cgl2941,Cgl1542,-1,CoryNeRegNet
Cgl2941,Cgl1603,-1,CoryNeRegNet
Cgl2941,Cgl2814,-1,CoryNeRegNet
Cgl2941,Cgl2816,-1,CoryNeRegNet
Cgl2941,Cgl3044,-1,CoryNeRegNet
Cgl2941,Cgl3045,-1,CoryNeRegNet
Cgl2941,Cgl3043,-1,CoryNeRegNet
Cgl2941,Cgl3046,-1,CoryNeRegNet
Cgl2941,Cgl2437,-1,CoryNeRegNet
Cgl2941,Cgl2438,-1,CoryNeRegNet
Cgl2947,Cgl2948,-1,CoryNeRegNet
Cgl2965,Cgl2962,1,CoryNeRegNet
Cgl2965,Cgl2965,1,CoryNeRegNet
Cgl2965,Cgl2961,1,CoryNeRegNet
Cgl2965,Cgl2964,1,CoryNeRegNet
Cgl2965,Cgl2967,1,CoryNeRegNet
Cgl2965,Cgl2968,1,CoryNeRegNet
Cgl2965,Cgl2966,1,CoryNeRegNet
Cgl2988,Cgl2988,-1,CoryNeRegNet
Cgl2988,Cgl2989,-1,CoryNeRegNet
Cgl2988,Cgl3007,-1,CoryNeRegNet
Cgl3024,Cgl3025,1,CoryNeRegNet
Cgl3024,Cgl3026,1,CoryNeRegNet
Cgl3024,Cgl0547,1,CoryNeRegNet
Cgl3024,Cgl0550,1,CoryNeRegNet
Cgl3024,Cgl0551,1,CoryNeRegNet
Cgl3024,Cgl3024,-1,CoryNeRegNet
Cgl3024,Cgl3022,1,CoryNeRegNet
Cgl3024,Cgl0546,1,CoryNeRegNet
Cgl3024,Cgl0548,1,CoryNeRegNet
Cgl3024,Cgl0552,1,CoryNeRegNet
Cgl3024,Cgl0553,1,CoryNeRegNet
Cgl3024,Cgl0549,1,CoryNeRegNet
Cgl3024,Cgl3023,1,CoryNeRegNet
Cgl3024,Cgl3021,1,CoryNeRegNet
Cgl3044,Cgl3044,-1,CoryNeRegNet
Cgl3044,Cgl3045,-1,CoryNeRegNet
Cgl3044,Cgl3046,-1,CoryNeRegNet
Cgl3059,Cgl3058,1,CoryNeRegNet
Cgl3059,Cgl3056,1,CoryNeRegNet
Cgl3059,Cgl3057,1,CoryNeRegNet
Cgl0261,Cgl0261,-1,RegPrecise
Cgl0069,Cgl0068,1,RegPrecise
Cgl1962,Cgl0783,1,RegPrecise
Cgl1920,Cgl0952,-1,RegPrecise
Cgl1920,Cgl1565,-1,RegPrecise
Cgl1920,Cgl2028,-1,RegPrecise
Cgl0478,Cgl0478,-1,RegPrecise
Cgl2527,Cgl2527,-1,RegPrecise
Cgl1718,Cgl2527,-1,RegPrecise
Cgl0170,Cgl0170,-1,RegPrecise
Cgl0170,Cgl0171,-1,RegPrecise
Cgl2941,Cgl2440,-1,RegPrecise
Cgl2941,Cgl2551,-1,RegPrecise
Cgl2408,Cgl2398,1,RegPrecise
Cgl2382,Cgl2382,-1,RegPrecise
Cgl2280,Cgl2807,-1,RegPrecise
Cgl2612,Cgl0060,-1,iModulon
Cgl2612,Cgl0061,-1,iModulon
Cgl2612,Cgl0062,-1,iModulon
Cgl0863,Cgl0078,-1,iModulon
Cgl0863,Cgl0091,-1,iModulon
Cgl0863,Cgl0186,-1,iModulon
Cgl2612,Cgl0238,-1,iModulon
Cgl2782,Cgl0258,-1,iModulon
Cgl2782,Cgl0282,-1,iModulon
Cgl1920,Cgl0338,-1,iModulon
Cgl0982,Cgl0375,-1,iModulon
Cgl1920,Cgl0394,-1,iModulon
Cgl1920,Cgl0395,-1,iModulon
Cgl1920,Cgl0503,-1,iModulon
Cgl1920,Cgl0505,-1,iModulon
Cgl0554,Cgl0554,-1,iModulon
Cgl0627,Cgl0555,-1,iModulon
Cgl0627,Cgl0611,-1,iModulon
Cgl0627,Cgl0612,-1,iModulon
Cgl0627,Cgl0615,-1,iModulon
Cgl0627,Cgl0616,-1,iModulon
Cgl0627,Cgl0617,-1,iModulon
Cgl0627,Cgl0628,-1,iModulon
Cgl0627,Cgl0629,-1,iModulon
Cgl0627,Cgl0630,-1,iModulon
Cgl0627,Cgl0631,-1,iModulon
Cgl0627,Cgl0632,-1,iModulon
Cgl0627,Cgl0633,-1,iModulon
Cgl0627,Cgl0635,-1,iModulon
Cgl0627,Cgl0636,-1,iModulon
Cgl0627,Cgl0637,-1,iModulon
Cgl0627,Cgl0638,-1,iModulon
Cgl0627,Cgl0640,-1,iModulon
Cgl0627,Cgl0641,-1,iModulon
Cgl0627,Cgl0642,-1,iModulon
Cgl0627,Cgl0644,-1,iModulon
Cgl0627,Cgl0645,-1,iModulon
Cgl0627,Cgl0646,-1,iModulon
Cgl0627,Cgl0647,-1,iModulon
Cgl1920,Cgl0648,-1,iModulon
Cgl0627,Cgl0648,-1,iModulon
Cgl1920,Cgl0649,-1,iModulon
Cgl1920,Cgl0670,-1,iModulon
Cgl1920,Cgl0671,-1,iModulon
Cgl2280,Cgl0694,-1,iModulon
Cgl2280,Cgl0695,-1,iModulon
Cgl0627,Cgl0721,-1,iModulon
Cgl0627,Cgl0722,-1,iModulon
Cgl0627,Cgl0723,-1,iModulon
Cgl0627,Cgl0724,-1,iModulon
Cgl0627,Cgl0725,-1,iModulon
Cgl0627,Cgl0726,-1,iModulon
Cgl0627,Cgl0727,-1,iModulon
Cgl0627,Cgl0728,-1,iModulon
Cgl0627,Cgl0729,-1,iModulon
Cgl0627,Cgl0731,-1,iModulon
Cgl0627,Cgl0732,-1,iModulon
Cgl0627,Cgl0733,-1,iModulon
Cgl0627,Cgl0734,-1,iModulon
Cgl0627,Cgl0735,-1,iModulon
Cgl0627,Cgl0737,-1,iModulon
Cgl0627,Cgl0738,-1,iModulon
Cgl0627,Cgl0739,-1,iModulon
Cgl0627,Cgl0740,-1,iModulon
Cgl1920,Cgl0809,-1,iModulon
Cgl2612,Cgl0877,-1,iModulon
Cgl2612,Cgl0878,-1,iModulon
Cgl2612,Cgl0879,-1,iModulon
Cgl2612,Cgl0880,-1,iModulon
Cgl0627,Cgl0895,-1,iModulon
Cgl0627,Cgl0896,-1,iModulon
Cgl0627,Cgl0897,-1,iModulon
Cgl0627,Cgl0901,-1,iModulon
Cgl0627,Cgl0906,-1,iModulon
Cgl0627,Cgl0907,-1,iModulon
Cgl2782,Cgl0929,-1,iModulon
Cgl0863,Cgl0935,-1,iModulon
Cgl0863,Cgl0936,-1,iModulon
Cgl0982,Cgl0946,-1,iModulon
Cgl0982,Cgl0947,-1,iModulon
Cgl1920,Cgl0983,-1,iModulon
Cgl1920,Cgl0985,-1,iModulon
Cgl0010,Cgl1014,-1,iModulon
Cgl0010,Cgl1019,-1,iModulon
Cgl0010,Cgl1020,-1,iModulon
Cgl0627,Cgl1036,-1,iModulon
Cgl0627,Cgl1037,-1,iModulon
Cgl0627,Cgl1038,-1,iModulon
Cgl0627,Cgl1040,-1,iModulon
Cgl0627,Cgl1041,-1,iModulon
Cgl0627,Cgl1043,-1,iModulon
Cgl0627,Cgl1044,-1,iModulon
Cgl0627,Cgl1046,-1,iModulon
Cgl0627,Cgl1047,-1,iModulon
Cgl0627,Cgl1048,-1,iModulon
Cgl0627,Cgl1049,-1,iModulon
Cgl0627,Cgl1050,-1,iModulon
Cgl0627,Cgl1052,-1,iModulon
Cgl0627,Cgl1053,-1,iModulon
Cgl0627,Cgl1054,-1,iModulon
Cgl0627,Cgl1056,-1,iModulon
Cgl0627,Cgl1057,-1,iModulon
Cgl0627,Cgl1058,-1,iModulon
Cgl0627,Cgl1059,-1,iModulon
Cgl0627,Cgl1060,-1,iModulon
Cgl0627,Cgl1061,-1,iModulon
Cgl0627,Cgl1062,-1,iModulon
Cgl0627,Cgl1063,-1,iModulon
Cgl0627,Cgl1064,-1,iModulon
Cgl0627,Cgl1065,-1,iModulon
Cgl0627,Cgl1067,-1,iModulon
Cgl1070,Cgl1071,-1,iModulon
Cgl1070,Cgl1072,-1,iModulon
Cgl2394,Cgl1078,-1,iModulon
Cgl0627,Cgl1078,-1,iModulon
Cgl0627,Cgl1142,-1,iModulon
Cgl2782,Cgl1143,-1,iModulon
Cgl0627,Cgl1143,-1,iModulon
Cgl0627,Cgl1144,-1,iModulon
Cgl0627,Cgl1145,-1,iModulon
Cgl0863,Cgl1147,-1,iModulon
Cgl0627,Cgl1151,-1,iModulon
Cgl0254,Cgl1151,-1,iModulon
Cgl0627,Cgl1153,-1,iModulon
Cgl0627,Cgl1155,-1,iModulon
Cgl0010,Cgl1224,-1,iModulon
Cgl1251,Cgl1256,-1,iModulon
Cgl2894,Cgl1402,-1,iModulon
Cgl0627,Cgl1436,-1,iModulon
Cgl0627,Cgl1503,-1,iModulon
Cgl0982,Cgl1538,-1,iModulon
Cgl1565,Cgl1566,-1,iModulon
Cgl0863,Cgl1584,-1,iModulon
Cgl2782,Cgl1604,-1,iModulon
Cgl2782,Cgl1605,-1,iModulon
Cgl2782,Cgl1606,-1,iModulon
Cgl2782,Cgl1607,-1,iModulon
Cgl2894,Cgl1610,-1,iModulon
Cgl2894,Cgl1611,-1,iModulon
Cgl0254,Cgl1674,-1,iModulon
Cgl1920,Cgl1716,-1,iModulon
Cgl0863,Cgl2064,-1,iModulon
Cgl0627,Cgl2115,-1,iModulon
Cgl0627,Cgl2116,-1,iModulon
Cgl0627,Cgl2117,-1,iModulon
Cgl0627,Cgl2118,-1,iModulon
Cgl0627,Cgl2119,-1,iModulon
Cgl0627,Cgl2121,-1,iModulon
Cgl2782,Cgl2155,-1,iModulon
Cgl0982,Cgl2195,-1,iModulon
Cgl0982,Cgl2196,-1,iModulon
Cgl0982,Cgl2197,-1,iModulon
Cgl0982,Cgl2198,-1,iModulon
Cgl0863,Cgl2221,-1,iModulon
Cgl1920,Cgl2230,-1,iModulon
Cgl2782,Cgl2286,-1,iModulon
Cgl2782,Cgl2287,-1,iModulon
Cgl2782,Cgl2288,-1,iModulon
Cgl0254,Cgl2331,-1,iModulon
Cgl2394,Cgl2399,-1,iModulon
Cgl2394,Cgl2401,-1,iModulon
Cgl0627,Cgl2401,-1,iModulon
Cgl2394,Cgl2402,-1,iModulon
Cgl0627,Cgl2402,-1,iModulon
Cgl2394,Cgl2404,-1,iModulon
Cgl0627,Cgl2404,-1,iModulon
Cgl0627,Cgl2406,-1,iModulon
Cgl0627,Cgl2407,-1,iModulon
Cgl0627,Cgl2408,-1,iModulon
Cgl0627,Cgl2411,-1,iModulon
Cgl0627,Cgl2412,-1,iModulon
Cgl0627,Cgl2414,-1,iModulon
Cgl0627,Cgl2417,-1,iModulon
Cgl0627,Cgl2436,-1,iModulon
Cgl0627,Cgl2437,-1,iModulon
Cgl0627,Cgl2439,-1,iModulon
Cgl0627,Cgl2440,-1,iModulon
Cgl0627,Cgl2441,-1,iModulon
Cgl0627,Cgl2442,-1,iModulon
Cgl0627,Cgl2443,-1,iModulon
Cgl0627,Cgl2444,-1,iModulon
Cgl0627,Cgl2445,-1,iModulon
Cgl0627,Cgl2446,-1,iModulon
Cgl0627,Cgl2447,-1,iModulon
Cgl0627,Cgl2448,-1,iModulon
Cgl0627,Cgl2449,-1,iModulon
Cgl2782,Cgl2450,-1,iModulon
Cgl2782,Cgl2451,-1,iModulon
Cgl0627,Cgl2512,-1,iModulon
Cgl0627,Cgl2513,-1,iModulon
Cgl0627,Cgl2514,-1,iModulon
Cgl0627,Cgl2515,-1,iModulon
Cgl0627,Cgl2516,-1,iModulon
Cgl2280,Cgl2635,-1,iModulon
Cgl2280,Cgl2636,-1,iModulon
Cgl2280,Cgl2637,-1,iModulon
Cgl2280,Cgl2638,-1,iModulon
Cgl0554,Cgl2685,-1,iModulon
Cgl2782,Cgl2781,-1,iModulon
Cgl0627,Cgl2807,-1,iModulon
Cgl0627,Cgl2812,-1,iModulon
Cgl0627,Cgl2813,-1,iModulon
Cgl0627,Cgl2814,-1,iModulon
Cgl0627,Cgl2815,-1,iModulon
Cgl0627,Cgl2816,-1,iModulon
Cgl0627,Cgl2817,-1,iModulon
Cgl2782,Cgl2954,-1,iModulon
Cgl0554,Cgl2977,-1,iModulon
Cgl1920,Cgl3085,-1,iModulon
